id,name,species,homeworld_id,ship_id
1,Jedi_1,Human,858,335
2,Jedi_2,Trandoshan,367,775
3,Jedi_3,Twi'lek,151,695
4,Jedi_4,Droid,862,782
5,Jedi_5,Ewok,299,156
6,Jedi_6,Twi'lek,210,350
7,Jedi_7,Rodian,315,455
8,Jedi_8,Wookiee,186,931
9,Jedi_9,Droid,284,165
10,Jedi_10,Bothan,71,494
11,Jedi_11,Droid,761,15
12,Jedi_12,Mon Calamari,766,642
13,Jedi_13,Sullustan,680,117
14,Jedi_14,Droid,431,6
15,Jedi_15,Mon Calamari,873,760
16,Jedi_16,Twi'lek,686,86
17,Jedi_17,Wookiee,881,523
18,Jedi_18,Droid,465,438
19,Jedi_19,Rodian,934,615
20,Jedi_20,Mon Calamari,804,599
21,Jedi_21,Human,752,437
22,Jedi_22,Droid,993,792
23,Jedi_23,Sullustan,438,152
24,Jedi_24,Droid,955,815
25,Jedi_25,Rodian,784,896
26,Jedi_26,Sullustan,634,624
27,Jedi_27,Wookiee,378,409
28,Jedi_28,Trandoshan,233,822
29,Jedi_29,Bothan,4,937
30,Jedi_30,Bothan,781,962
31,Jedi_31,Mon Calamari,376,30
32,Jedi_32,Twi'lek,488,486
33,Jedi_33,Wookiee,548,739
34,Jedi_34,Twi'lek,535,688
35,Jedi_35,Sullustan,452,923
36,Jedi_36,Sullustan,1,594
37,Jedi_37,Mon Calamari,320,5
38,Jedi_38,Twi'lek,727,15
39,Jedi_39,Wookiee,478,173
40,Jedi_40,Trandoshan,745,728
41,Jedi_41,Rodian,394,923
42,Jedi_42,Twi'lek,180,161
43,Jedi_43,Ewok,562,378
44,Jedi_44,Twi'lek,646,607
45,Jedi_45,Ewok,500,398
46,Jedi_46,Twi'lek,200,957
47,Jedi_47,Trandoshan,680,474
48,Jedi_48,Droid,971,531
49,Jedi_49,Wookiee,271,282
50,Jedi_50,Rodian,356,32
51,Jedi_51,Ewok,713,95
52,Jedi_52,Sullustan,805,991
53,Jedi_53,Droid,344,479
54,Jedi_54,Mon Calamari,707,486
55,Jedi_55,Bothan,764,317
56,Jedi_56,Trandoshan,904,116
57,Jedi_57,Bothan,783,894
58,Jedi_58,Human,973,201
59,Jedi_59,Trandoshan,559,781
60,Jedi_60,Sullustan,181,699
61,Jedi_61,Sullustan,557,870
62,Jedi_62,Rodian,922,967
63,Jedi_63,Sullustan,566,207
64,Jedi_64,Trandoshan,58,425
65,Jedi_65,Trandoshan,53,470
66,Jedi_66,Droid,701,203
67,Jedi_67,Twi'lek,873,849
68,Jedi_68,Droid,885,572
69,Jedi_69,Trandoshan,538,199
70,Jedi_70,Wookiee,103,144
71,Jedi_71,Twi'lek,648,643
72,Jedi_72,Mon Calamari,155,139
73,Jedi_73,Human,686,833
74,Jedi_74,Droid,737,879
75,Jedi_75,Trandoshan,157,270
76,Jedi_76,Trandoshan,946,621
77,Jedi_77,Mon Calamari,381,764
78,Jedi_78,Wookiee,742,866
79,Jedi_79,Human,790,640
80,Jedi_80,Sullustan,314,647
81,Jedi_81,Trandoshan,161,259
82,Jedi_82,Human,400,984
83,Jedi_83,Ewok,212,579
84,Jedi_84,Droid,110,851
85,Jedi_85,Droid,91,778
86,Jedi_86,Human,262,793
87,Jedi_87,Trandoshan,435,854
88,Jedi_88,Twi'lek,626,350
89,Jedi_89,Droid,270,258
90,Jedi_90,Human,285,726
91,Jedi_91,Sullustan,907,45
92,Jedi_92,Bothan,363,162
93,Jedi_93,Bothan,330,480
94,Jedi_94,Bothan,118,727
95,Jedi_95,Bothan,601,423
96,Jedi_96,Mon Calamari,895,682
97,Jedi_97,Rodian,428,136
98,Jedi_98,Bothan,240,484
99,Jedi_99,Human,760,378
100,Jedi_100,Droid,740,253
101,Jedi_101,Human,202,883
102,Jedi_102,Twi'lek,79,796
103,Jedi_103,Ewok,213,212
104,Jedi_104,Bothan,122,755
105,Jedi_105,Sullustan,940,454
106,Jedi_106,Rodian,632,895
107,Jedi_107,Mon Calamari,238,274
108,Jedi_108,Trandoshan,725,32
109,Jedi_109,Ewok,885,924
110,Jedi_110,Droid,154,927
111,Jedi_111,Bothan,32,804
112,Jedi_112,Trandoshan,653,19
113,Jedi_113,Bothan,841,840
114,Jedi_114,Human,415,86
115,Jedi_115,Twi'lek,753,457
116,Jedi_116,Trandoshan,947,314
117,Jedi_117,Droid,240,64
118,Jedi_118,Twi'lek,884,260
119,Jedi_119,Twi'lek,725,687
120,Jedi_120,Twi'lek,193,260
121,Jedi_121,Twi'lek,582,975
122,Jedi_122,Twi'lek,72,304
123,Jedi_123,Rodian,564,891
124,Jedi_124,Trandoshan,433,17
125,Jedi_125,Mon Calamari,801,746
126,Jedi_126,Rodian,596,807
127,Jedi_127,Droid,37,509
128,Jedi_128,Droid,256,527
129,Jedi_129,Human,328,796
130,Jedi_130,Sullustan,70,476
131,Jedi_131,Human,985,169
132,Jedi_132,Rodian,72,819
133,Jedi_133,Twi'lek,159,846
134,Jedi_134,Mon Calamari,439,823
135,Jedi_135,Wookiee,749,43
136,Jedi_136,Human,722,691
137,Jedi_137,Sullustan,599,913
138,Jedi_138,Human,770,774
139,Jedi_139,Rodian,950,468
140,Jedi_140,Bothan,31,994
141,Jedi_141,Trandoshan,537,214
142,Jedi_142,Rodian,689,659
143,Jedi_143,Twi'lek,294,542
144,Jedi_144,Bothan,696,304
145,Jedi_145,Sullustan,150,200
146,Jedi_146,Trandoshan,744,476
147,Jedi_147,Trandoshan,402,516
148,Jedi_148,Wookiee,908,617
149,Jedi_149,Ewok,944,362
150,Jedi_150,Twi'lek,122,519
151,Jedi_151,Rodian,381,120
152,Jedi_152,Sullustan,762,911
153,Jedi_153,Twi'lek,578,592
154,Jedi_154,Sullustan,242,229
155,Jedi_155,Bothan,547,531
156,Jedi_156,Sullustan,924,596
157,Jedi_157,Trandoshan,315,772
158,Jedi_158,Bothan,462,391
159,Jedi_159,Rodian,955,596
160,Jedi_160,Sullustan,656,590
161,Jedi_161,Trandoshan,300,958
162,Jedi_162,Human,875,715
163,Jedi_163,Ewok,352,420
164,Jedi_164,Mon Calamari,231,751
165,Jedi_165,Bothan,544,584
166,Jedi_166,Ewok,202,689
167,Jedi_167,Droid,153,562
168,Jedi_168,Human,568,242
169,Jedi_169,Ewok,657,320
170,Jedi_170,Wookiee,142,413
171,Jedi_171,Rodian,436,494
172,Jedi_172,Twi'lek,984,801
173,Jedi_173,Wookiee,747,378
174,Jedi_174,Mon Calamari,737,554
175,Jedi_175,Mon Calamari,547,869
176,Jedi_176,Bothan,733,855
177,Jedi_177,Wookiee,415,144
178,Jedi_178,Human,127,540
179,Jedi_179,Sullustan,494,689
180,Jedi_180,Wookiee,938,407
181,Jedi_181,Twi'lek,96,555
182,Jedi_182,Ewok,617,240
183,Jedi_183,Rodian,45,300
184,Jedi_184,Human,480,304
185,Jedi_185,Droid,771,73
186,Jedi_186,Wookiee,661,724
187,Jedi_187,Trandoshan,919,482
188,Jedi_188,Twi'lek,273,771
189,Jedi_189,Mon Calamari,419,238
190,Jedi_190,Mon Calamari,103,492
191,Jedi_191,Twi'lek,779,246
192,Jedi_192,Sullustan,533,191
193,Jedi_193,Rodian,657,825
194,Jedi_194,Droid,263,838
195,Jedi_195,Bothan,396,836
196,Jedi_196,Droid,397,328
197,Jedi_197,Trandoshan,707,465
198,Jedi_198,Bothan,177,424
199,Jedi_199,Rodian,511,208
200,Jedi_200,Mon Calamari,128,395
201,Jedi_201,Mon Calamari,279,584
202,Jedi_202,Sullustan,549,627
203,Jedi_203,Droid,311,967
204,Jedi_204,Bothan,207,988
205,Jedi_205,Droid,406,562
206,Jedi_206,Trandoshan,526,451
207,Jedi_207,Droid,770,197
208,Jedi_208,Bothan,821,604
209,Jedi_209,Wookiee,818,67
210,Jedi_210,Trandoshan,375,163
211,Jedi_211,Rodian,361,823
212,Jedi_212,Twi'lek,388,618
213,Jedi_213,Bothan,526,34
214,Jedi_214,Trandoshan,559,680
215,Jedi_215,Twi'lek,687,347
216,Jedi_216,Ewok,602,316
217,Jedi_217,Twi'lek,553,75
218,Jedi_218,Sullustan,456,355
219,Jedi_219,Trandoshan,738,760
220,Jedi_220,Droid,132,692
221,Jedi_221,Droid,162,140
222,Jedi_222,Trandoshan,189,226
223,Jedi_223,Trandoshan,996,943
224,Jedi_224,Bothan,829,103
225,Jedi_225,Twi'lek,830,753
226,Jedi_226,Human,228,96
227,Jedi_227,Wookiee,310,949
228,Jedi_228,Sullustan,476,471
229,Jedi_229,Twi'lek,721,835
230,Jedi_230,Human,842,789
231,Jedi_231,Human,923,244
232,Jedi_232,Rodian,543,508
233,Jedi_233,Mon Calamari,991,841
234,Jedi_234,Droid,451,39
235,Jedi_235,Trandoshan,137,891
236,Jedi_236,Trandoshan,848,416
237,Jedi_237,Sullustan,154,245
238,Jedi_238,Mon Calamari,353,803
239,Jedi_239,Droid,665,652
240,Jedi_240,Bothan,454,830
241,Jedi_241,Trandoshan,549,420
242,Jedi_242,Twi'lek,477,404
243,Jedi_243,Bothan,684,992
244,Jedi_244,Wookiee,664,153
245,Jedi_245,Trandoshan,736,995
246,Jedi_246,Human,355,444
247,Jedi_247,Human,269,40
248,Jedi_248,Sullustan,12,576
249,Jedi_249,Droid,734,46
250,Jedi_250,Droid,84,659
251,Jedi_251,Rodian,260,467
252,Jedi_252,Mon Calamari,257,547
253,Jedi_253,Trandoshan,214,657
254,Jedi_254,Ewok,592,982
255,Jedi_255,Bothan,244,460
256,Jedi_256,Mon Calamari,546,547
257,Jedi_257,Twi'lek,734,463
258,Jedi_258,Trandoshan,814,310
259,Jedi_259,Wookiee,60,799
260,Jedi_260,Human,977,930
261,Jedi_261,Droid,638,27
262,Jedi_262,Sullustan,162,71
263,Jedi_263,Bothan,415,948
264,Jedi_264,Trandoshan,824,517
265,Jedi_265,Human,620,889
266,Jedi_266,Wookiee,220,173
267,Jedi_267,Mon Calamari,32,346
268,Jedi_268,Wookiee,951,269
269,Jedi_269,Ewok,255,499
270,Jedi_270,Wookiee,328,308
271,Jedi_271,Rodian,385,679
272,Jedi_272,Bothan,768,772
273,Jedi_273,Trandoshan,772,971
274,Jedi_274,Wookiee,681,694
275,Jedi_275,Rodian,26,999
276,Jedi_276,Mon Calamari,754,230
277,Jedi_277,Sullustan,816,535
278,Jedi_278,Rodian,964,295
279,Jedi_279,Mon Calamari,678,192
280,Jedi_280,Sullustan,368,993
281,Jedi_281,Trandoshan,64,145
282,Jedi_282,Droid,852,20
283,Jedi_283,Rodian,924,540
284,Jedi_284,Sullustan,889,311
285,Jedi_285,Wookiee,406,971
286,Jedi_286,Human,124,10
287,Jedi_287,Ewok,945,6
288,Jedi_288,Droid,250,782
289,Jedi_289,Mon Calamari,332,655
290,Jedi_290,Trandoshan,167,524
291,Jedi_291,Human,657,678
292,Jedi_292,Trandoshan,768,610
293,Jedi_293,Wookiee,930,984
294,Jedi_294,Mon Calamari,318,168
295,Jedi_295,Trandoshan,587,828
296,Jedi_296,Sullustan,520,415
297,Jedi_297,Bothan,913,984
298,Jedi_298,Mon Calamari,674,433
299,Jedi_299,Mon Calamari,290,349
300,Jedi_300,Ewok,160,171
301,Jedi_301,Rodian,835,632
302,Jedi_302,Ewok,680,123
303,Jedi_303,Droid,318,100
304,Jedi_304,Trandoshan,377,158
305,Jedi_305,Rodian,94,823
306,Jedi_306,Ewok,827,396
307,Jedi_307,Twi'lek,420,90
308,Jedi_308,Droid,579,528
309,Jedi_309,Mon Calamari,937,956
310,Jedi_310,Ewok,39,756
311,Jedi_311,Droid,37,244
312,Jedi_312,Droid,782,371
313,Jedi_313,Rodian,565,809
314,Jedi_314,Droid,747,954
315,Jedi_315,Human,682,614
316,Jedi_316,Rodian,184,268
317,Jedi_317,Human,951,125
318,Jedi_318,Ewok,724,403
319,Jedi_319,Ewok,294,179
320,Jedi_320,Twi'lek,804,572
321,Jedi_321,Mon Calamari,884,13
322,Jedi_322,Twi'lek,194,803
323,Jedi_323,Twi'lek,653,323
324,Jedi_324,Human,891,253
325,Jedi_325,Trandoshan,531,316
326,Jedi_326,Rodian,178,798
327,Jedi_327,Human,533,714
328,Jedi_328,Trandoshan,29,685
329,Jedi_329,Wookiee,65,195
330,Jedi_330,Mon Calamari,599,622
331,Jedi_331,Wookiee,119,98
332,Jedi_332,Human,819,387
333,Jedi_333,Trandoshan,797,128
334,Jedi_334,Twi'lek,706,954
335,Jedi_335,Twi'lek,863,468
336,Jedi_336,Wookiee,861,394
337,Jedi_337,Human,523,373
338,Jedi_338,Ewok,354,234
339,Jedi_339,Twi'lek,299,36
340,Jedi_340,Bothan,300,369
341,Jedi_341,Bothan,271,57
342,Jedi_342,Human,179,922
343,Jedi_343,Mon Calamari,686,709
344,Jedi_344,Rodian,265,736
345,Jedi_345,Droid,53,194
346,Jedi_346,Rodian,826,604
347,Jedi_347,Droid,36,302
348,Jedi_348,Twi'lek,844,222
349,Jedi_349,Ewok,514,567
350,Jedi_350,Rodian,843,729
351,Jedi_351,Ewok,91,131
352,Jedi_352,Twi'lek,328,39
353,Jedi_353,Wookiee,141,422
354,Jedi_354,Trandoshan,378,491
355,Jedi_355,Bothan,877,336
356,Jedi_356,Wookiee,419,4
357,Jedi_357,Twi'lek,264,910
358,Jedi_358,Mon Calamari,279,268
359,Jedi_359,Mon Calamari,974,233
360,Jedi_360,Droid,818,223
361,Jedi_361,Rodian,209,911
362,Jedi_362,Sullustan,979,379
363,Jedi_363,Mon Calamari,521,311
364,Jedi_364,Bothan,865,376
365,Jedi_365,Rodian,467,635
366,Jedi_366,Rodian,902,517
367,Jedi_367,Droid,541,600
368,Jedi_368,Human,280,153
369,Jedi_369,Mon Calamari,315,863
370,Jedi_370,Trandoshan,841,598
371,Jedi_371,Human,614,84
372,Jedi_372,Wookiee,44,413
373,Jedi_373,Human,308,969
374,Jedi_374,Rodian,562,898
375,Jedi_375,Wookiee,197,871
376,Jedi_376,Sullustan,910,31
377,Jedi_377,Droid,168,287
378,Jedi_378,Droid,57,684
379,Jedi_379,Rodian,915,627
380,Jedi_380,Bothan,89,500
381,Jedi_381,Trandoshan,851,865
382,Jedi_382,Human,777,286
383,Jedi_383,Sullustan,645,853
384,Jedi_384,Ewok,935,72
385,Jedi_385,Trandoshan,967,470
386,Jedi_386,Droid,647,115
387,Jedi_387,Sullustan,113,509
388,Jedi_388,Trandoshan,171,402
389,Jedi_389,Human,248,940
390,Jedi_390,Rodian,740,295
391,Jedi_391,Bothan,563,616
392,Jedi_392,Human,559,115
393,Jedi_393,Rodian,425,148
394,Jedi_394,Ewok,871,124
395,Jedi_395,Rodian,254,898
396,Jedi_396,Human,173,389
397,Jedi_397,Wookiee,43,729
398,Jedi_398,Sullustan,497,721
399,Jedi_399,Wookiee,932,148
400,Jedi_400,Human,264,812
401,Jedi_401,Ewok,21,608
402,Jedi_402,Mon Calamari,157,200
403,Jedi_403,Sullustan,529,761
404,Jedi_404,Mon Calamari,874,203
405,Jedi_405,Twi'lek,949,218
406,Jedi_406,Mon Calamari,454,765
407,Jedi_407,Droid,828,426
408,Jedi_408,Droid,572,807
409,Jedi_409,Twi'lek,807,491
410,Jedi_410,Wookiee,717,317
411,Jedi_411,Mon Calamari,583,216
412,Jedi_412,Human,712,797
413,Jedi_413,Ewok,965,812
414,Jedi_414,Droid,428,419
415,Jedi_415,Wookiee,421,301
416,Jedi_416,Wookiee,830,892
417,Jedi_417,Human,585,269
418,Jedi_418,Mon Calamari,985,405
419,Jedi_419,Rodian,442,166
420,Jedi_420,Human,958,345
421,Jedi_421,Wookiee,717,483
422,Jedi_422,Mon Calamari,371,568
423,Jedi_423,Trandoshan,664,189
424,Jedi_424,Mon Calamari,128,314
425,Jedi_425,Droid,305,567
426,Jedi_426,Rodian,730,694
427,Jedi_427,Ewok,765,417
428,Jedi_428,Ewok,855,14
429,Jedi_429,Wookiee,901,341
430,Jedi_430,Trandoshan,218,704
431,Jedi_431,Sullustan,879,476
432,Jedi_432,Bothan,954,569
433,Jedi_433,Sullustan,151,446
434,Jedi_434,Trandoshan,995,285
435,Jedi_435,Rodian,322,305
436,Jedi_436,Human,51,763
437,Jedi_437,Droid,604,449
438,Jedi_438,Droid,14,470
439,Jedi_439,Mon Calamari,395,521
440,Jedi_440,Droid,284,576
441,Jedi_441,Bothan,344,689
442,Jedi_442,Mon Calamari,574,171
443,Jedi_443,Wookiee,893,335
444,Jedi_444,Twi'lek,593,138
445,Jedi_445,Bothan,180,937
446,Jedi_446,Droid,829,452
447,Jedi_447,Human,136,397
448,Jedi_448,Rodian,241,645
449,Jedi_449,Wookiee,628,66
450,Jedi_450,Ewok,469,395
451,Jedi_451,Bothan,480,243
452,Jedi_452,Mon Calamari,206,140
453,Jedi_453,Wookiee,405,773
454,Jedi_454,Bothan,359,700
455,Jedi_455,Rodian,876,826
456,Jedi_456,Droid,946,241
457,Jedi_457,Bothan,123,985
458,Jedi_458,Rodian,661,438
459,Jedi_459,Sullustan,3,542
460,Jedi_460,Ewok,760,704
461,Jedi_461,Human,155,560
462,Jedi_462,Wookiee,990,494
463,Jedi_463,Rodian,561,852
464,Jedi_464,Wookiee,215,268
465,Jedi_465,Bothan,375,495
466,Jedi_466,Bothan,20,515
467,Jedi_467,Ewok,527,746
468,Jedi_468,Wookiee,463,598
469,Jedi_469,Twi'lek,818,569
470,Jedi_470,Human,125,124
471,Jedi_471,Wookiee,999,770
472,Jedi_472,Bothan,34,783
473,Jedi_473,Rodian,340,669
474,Jedi_474,Droid,76,401
475,Jedi_475,Twi'lek,769,4
476,Jedi_476,Wookiee,529,755
477,Jedi_477,Bothan,299,475
478,Jedi_478,Human,624,36
479,Jedi_479,Twi'lek,936,285
480,Jedi_480,Sullustan,802,97
481,Jedi_481,Wookiee,838,608
482,Jedi_482,Trandoshan,382,585
483,Jedi_483,Ewok,30,746
484,Jedi_484,Mon Calamari,866,465
485,Jedi_485,Twi'lek,732,400
486,Jedi_486,Sullustan,669,665
487,Jedi_487,Human,52,627
488,Jedi_488,Twi'lek,841,571
489,Jedi_489,Trandoshan,158,755
490,Jedi_490,Mon Calamari,960,434
491,Jedi_491,Trandoshan,13,274
492,Jedi_492,Mon Calamari,276,382
493,Jedi_493,Twi'lek,149,266
494,Jedi_494,Trandoshan,960,475
495,Jedi_495,Human,450,453
496,Jedi_496,Twi'lek,653,157
497,Jedi_497,Ewok,339,635
498,Jedi_498,Ewok,847,586
499,Jedi_499,Mon Calamari,589,401
500,Jedi_500,Sullustan,154,704
501,Jedi_501,Rodian,123,374
502,Jedi_502,Mon Calamari,890,956
503,Jedi_503,Droid,238,13
504,Jedi_504,Sullustan,944,896
505,Jedi_505,Bothan,675,192
506,Jedi_506,Bothan,489,325
507,Jedi_507,Trandoshan,346,314
508,Jedi_508,Droid,92,678
509,Jedi_509,Sullustan,595,70
510,Jedi_510,Twi'lek,909,39
511,Jedi_511,Human,372,244
512,Jedi_512,Trandoshan,91,931
513,Jedi_513,Mon Calamari,653,128
514,Jedi_514,Ewok,916,870
515,Jedi_515,Trandoshan,252,28
516,Jedi_516,Wookiee,360,894
517,Jedi_517,Wookiee,883,384
518,Jedi_518,Wookiee,904,958
519,Jedi_519,Rodian,320,604
520,Jedi_520,Sullustan,299,256
521,Jedi_521,Sullustan,719,917
522,Jedi_522,Mon Calamari,551,818
523,Jedi_523,Human,588,25
524,Jedi_524,Trandoshan,573,875
525,Jedi_525,Ewok,640,867
526,Jedi_526,Droid,487,455
527,Jedi_527,Droid,288,348
528,Jedi_528,Mon Calamari,505,704
529,Jedi_529,Droid,175,868
530,Jedi_530,Droid,346,674
531,Jedi_531,Sullustan,298,413
532,Jedi_532,Wookiee,284,683
533,Jedi_533,Twi'lek,709,893
534,Jedi_534,Mon Calamari,916,67
535,Jedi_535,Mon Calamari,193,908
536,Jedi_536,Ewok,382,251
537,Jedi_537,Twi'lek,597,151
538,Jedi_538,Ewok,473,701
539,Jedi_539,Ewok,554,107
540,Jedi_540,Sullustan,29,578
541,Jedi_541,Sullustan,58,229
542,Jedi_542,Twi'lek,258,209
543,Jedi_543,Rodian,630,59
544,Jedi_544,Bothan,392,249
545,Jedi_545,Twi'lek,752,510
546,Jedi_546,Sullustan,691,315
547,Jedi_547,Ewok,872,880
548,Jedi_548,Twi'lek,736,871
549,Jedi_549,Sullustan,755,190
550,Jedi_550,Human,237,1
551,Jedi_551,Sullustan,52,757
552,Jedi_552,Droid,115,952
553,Jedi_553,Mon Calamari,150,218
554,Jedi_554,Sullustan,447,78
555,Jedi_555,Mon Calamari,68,995
556,Jedi_556,Mon Calamari,431,667
557,Jedi_557,Trandoshan,556,575
558,Jedi_558,Mon Calamari,886,9
559,Jedi_559,Rodian,823,93
560,Jedi_560,Twi'lek,882,56
561,Jedi_561,Droid,531,88
562,Jedi_562,Mon Calamari,82,214
563,Jedi_563,Rodian,830,891
564,Jedi_564,Twi'lek,336,678
565,Jedi_565,Human,619,695
566,Jedi_566,Human,116,935
567,Jedi_567,Human,274,433
568,Jedi_568,Rodian,797,367
569,Jedi_569,Rodian,139,957
570,Jedi_570,Wookiee,564,226
571,Jedi_571,Rodian,25,847
572,Jedi_572,Trandoshan,886,539
573,Jedi_573,Trandoshan,285,863
574,Jedi_574,Twi'lek,183,647
575,Jedi_575,Twi'lek,782,10
576,Jedi_576,Bothan,406,179
577,Jedi_577,Droid,263,188
578,Jedi_578,Bothan,531,815
579,Jedi_579,Bothan,342,554
580,Jedi_580,Human,315,866
581,Jedi_581,Trandoshan,522,58
582,Jedi_582,Twi'lek,240,936
583,Jedi_583,Droid,573,322
584,Jedi_584,Sullustan,772,68
585,Jedi_585,Bothan,779,948
586,Jedi_586,Wookiee,706,492
587,Jedi_587,Human,608,592
588,Jedi_588,Bothan,114,882
589,Jedi_589,Droid,279,678
590,Jedi_590,Human,200,866
591,Jedi_591,Sullustan,830,651
592,Jedi_592,Mon Calamari,360,590
593,Jedi_593,Mon Calamari,726,184
594,Jedi_594,Trandoshan,270,659
595,Jedi_595,Bothan,345,171
596,Jedi_596,Rodian,109,407
597,Jedi_597,Twi'lek,921,134
598,Jedi_598,Mon Calamari,629,846
599,Jedi_599,Wookiee,862,373
600,Jedi_600,Twi'lek,785,927
601,Jedi_601,Mon Calamari,480,471
602,Jedi_602,Bothan,744,490
603,Jedi_603,Mon Calamari,238,936
604,Jedi_604,Sullustan,988,420
605,Jedi_605,Twi'lek,452,156
606,Jedi_606,Mon Calamari,988,307
607,Jedi_607,Sullustan,598,518
608,Jedi_608,Wookiee,791,927
609,Jedi_609,Wookiee,281,687
610,Jedi_610,Droid,774,318
611,Jedi_611,Twi'lek,892,302
612,Jedi_612,Ewok,99,812
613,Jedi_613,Trandoshan,413,116
614,Jedi_614,Wookiee,168,977
615,Jedi_615,Trandoshan,72,787
616,Jedi_616,Sullustan,135,418
617,Jedi_617,Trandoshan,425,789
618,Jedi_618,Wookiee,400,156
619,Jedi_619,Bothan,371,367
620,Jedi_620,Wookiee,237,488
621,Jedi_621,Mon Calamari,113,575
622,Jedi_622,Droid,418,153
623,Jedi_623,Sullustan,752,134
624,Jedi_624,Human,504,838
625,Jedi_625,Rodian,173,208
626,Jedi_626,Bothan,625,61
627,Jedi_627,Ewok,936,356
628,Jedi_628,Mon Calamari,64,251
629,Jedi_629,Rodian,492,15
630,Jedi_630,Sullustan,843,708
631,Jedi_631,Human,123,633
632,Jedi_632,Trandoshan,3,554
633,Jedi_633,Human,899,795
634,Jedi_634,Trandoshan,838,380
635,Jedi_635,Twi'lek,331,89
636,Jedi_636,Sullustan,58,357
637,Jedi_637,Twi'lek,600,11
638,Jedi_638,Rodian,927,22
639,Jedi_639,Bothan,946,106
640,Jedi_640,Trandoshan,677,417
641,Jedi_641,Bothan,171,753
642,Jedi_642,Droid,873,217
643,Jedi_643,Trandoshan,173,643
644,Jedi_644,Wookiee,412,387
645,Jedi_645,Droid,349,738
646,Jedi_646,Droid,696,772
647,Jedi_647,Wookiee,487,641
648,Jedi_648,Mon Calamari,758,396
649,Jedi_649,Wookiee,943,226
650,Jedi_650,Bothan,133,109
651,Jedi_651,Bothan,541,210
652,Jedi_652,Wookiee,427,192
653,Jedi_653,Sullustan,636,881
654,Jedi_654,Rodian,793,75
655,Jedi_655,Twi'lek,145,400
656,Jedi_656,Human,795,78
657,Jedi_657,Droid,717,713
658,Jedi_658,Droid,53,443
659,Jedi_659,Trandoshan,250,294
660,Jedi_660,Twi'lek,13,437
661,Jedi_661,Trandoshan,483,115
662,Jedi_662,Trandoshan,769,519
663,Jedi_663,Ewok,726,470
664,Jedi_664,Droid,767,292
665,Jedi_665,Ewok,553,895
666,Jedi_666,Human,200,108
667,Jedi_667,Droid,828,979
668,Jedi_668,Ewok,14,322
669,Jedi_669,Twi'lek,495,927
670,Jedi_670,Human,550,931
671,Jedi_671,Rodian,752,87
672,Jedi_672,Droid,238,215
673,Jedi_673,Bothan,405,182
674,Jedi_674,Bothan,544,407
675,Jedi_675,Mon Calamari,957,762
676,Jedi_676,Rodian,319,113
677,Jedi_677,Human,649,927
678,Jedi_678,Rodian,480,368
679,Jedi_679,Bothan,867,611
680,Jedi_680,Bothan,35,81
681,Jedi_681,Ewok,433,961
682,Jedi_682,Bothan,896,281
683,Jedi_683,Mon Calamari,480,358
684,Jedi_684,Rodian,824,446
685,Jedi_685,Rodian,80,496
686,Jedi_686,Bothan,727,66
687,Jedi_687,Mon Calamari,775,734
688,Jedi_688,Rodian,124,127
689,Jedi_689,Mon Calamari,324,322
690,Jedi_690,Human,872,862
691,Jedi_691,Human,340,750
692,Jedi_692,Rodian,36,455
693,Jedi_693,Bothan,596,975
694,Jedi_694,Mon Calamari,956,617
695,Jedi_695,Wookiee,18,82
696,Jedi_696,Twi'lek,904,330
697,Jedi_697,Bothan,933,865
698,Jedi_698,Human,511,500
699,Jedi_699,Human,443,497
700,Jedi_700,Twi'lek,279,406
701,Jedi_701,Bothan,936,222
702,Jedi_702,Droid,528,838
703,Jedi_703,Human,693,33
704,Jedi_704,Wookiee,319,808
705,Jedi_705,Rodian,625,329
706,Jedi_706,Trandoshan,692,308
707,Jedi_707,Droid,796,536
708,Jedi_708,Mon Calamari,284,407
709,Jedi_709,Rodian,15,679
710,Jedi_710,Sullustan,290,174
711,Jedi_711,Twi'lek,997,43
712,Jedi_712,Trandoshan,545,465
713,Jedi_713,Sullustan,724,208
714,Jedi_714,Twi'lek,185,600
715,Jedi_715,Human,332,626
716,Jedi_716,Mon Calamari,702,238
717,Jedi_717,Trandoshan,181,375
718,Jedi_718,Rodian,509,769
719,Jedi_719,Wookiee,443,153
720,Jedi_720,Trandoshan,12,289
721,Jedi_721,Rodian,898,45
722,Jedi_722,Mon Calamari,152,949
723,Jedi_723,Mon Calamari,15,624
724,Jedi_724,Human,543,100
725,Jedi_725,Sullustan,766,333
726,Jedi_726,Mon Calamari,641,871
727,Jedi_727,Droid,855,980
728,Jedi_728,Bothan,448,636
729,Jedi_729,Twi'lek,493,419
730,Jedi_730,Droid,87,651
731,Jedi_731,Mon Calamari,255,338
732,Jedi_732,Wookiee,526,758
733,Jedi_733,Ewok,199,783
734,Jedi_734,Droid,434,597
735,Jedi_735,Droid,332,460
736,Jedi_736,Twi'lek,54,865
737,Jedi_737,Sullustan,952,820
738,Jedi_738,Trandoshan,932,422
739,Jedi_739,Droid,394,754
740,Jedi_740,Trandoshan,230,473
741,Jedi_741,Twi'lek,863,938
742,Jedi_742,Trandoshan,290,862
743,Jedi_743,Bothan,758,763
744,Jedi_744,Trandoshan,630,343
745,Jedi_745,Ewok,468,615
746,Jedi_746,Droid,536,870
747,Jedi_747,Rodian,460,331
748,Jedi_748,Droid,54,616
749,Jedi_749,Human,981,156
750,Jedi_750,Bothan,832,35
751,Jedi_751,Trandoshan,8,772
752,Jedi_752,Droid,733,803
753,Jedi_753,Wookiee,913,462
754,Jedi_754,Trandoshan,820,576
755,Jedi_755,Droid,839,268
756,Jedi_756,Twi'lek,771,505
757,Jedi_757,Human,497,254
758,Jedi_758,Twi'lek,739,770
759,Jedi_759,Rodian,374,593
760,Jedi_760,Wookiee,360,46
761,Jedi_761,Wookiee,252,865
762,Jedi_762,Sullustan,988,202
763,Jedi_763,Ewok,94,196
764,Jedi_764,Sullustan,438,275
765,Jedi_765,Bothan,492,141
766,Jedi_766,Droid,720,670
767,Jedi_767,Twi'lek,506,145
768,Jedi_768,Trandoshan,342,400
769,Jedi_769,Bothan,202,766
770,Jedi_770,Mon Calamari,621,97
771,Jedi_771,Bothan,138,488
772,Jedi_772,Rodian,735,909
773,Jedi_773,Ewok,333,969
774,Jedi_774,Human,89,278
775,Jedi_775,Twi'lek,39,557
776,Jedi_776,Trandoshan,274,747
777,Jedi_777,Human,246,405
778,Jedi_778,Sullustan,646,57
779,Jedi_779,Bothan,50,758
780,Jedi_780,Human,407,272
781,Jedi_781,Mon Calamari,224,949
782,Jedi_782,Mon Calamari,707,665
783,Jedi_783,Droid,390,2
784,Jedi_784,Trandoshan,164,159
785,Jedi_785,Wookiee,402,382
786,Jedi_786,Rodian,847,244
787,Jedi_787,Human,833,164
788,Jedi_788,Ewok,178,230
789,Jedi_789,Sullustan,75,149
790,Jedi_790,Sullustan,380,396
791,Jedi_791,Droid,680,47
792,Jedi_792,Twi'lek,338,454
793,Jedi_793,Sullustan,245,302
794,Jedi_794,Bothan,721,711
795,Jedi_795,Twi'lek,204,415
796,Jedi_796,Human,326,845
797,Jedi_797,Twi'lek,992,212
798,Jedi_798,Trandoshan,139,282
799,Jedi_799,Twi'lek,931,609
800,Jedi_800,Mon Calamari,758,548
801,Jedi_801,Ewok,579,461
802,Jedi_802,Trandoshan,121,921
803,Jedi_803,Twi'lek,756,237
804,Jedi_804,Ewok,204,50
805,Jedi_805,Mon Calamari,666,791
806,Jedi_806,Ewok,8,347
807,Jedi_807,Bothan,178,506
808,Jedi_808,Sullustan,601,111
809,Jedi_809,Trandoshan,193,791
810,Jedi_810,Trandoshan,518,537
811,Jedi_811,Rodian,67,595
812,Jedi_812,Sullustan,249,52
813,Jedi_813,Twi'lek,961,782
814,Jedi_814,Sullustan,711,816
815,Jedi_815,Mon Calamari,898,787
816,Jedi_816,Bothan,23,860
817,Jedi_817,Bothan,745,117
818,Jedi_818,Ewok,598,803
819,Jedi_819,Rodian,167,388
820,Jedi_820,Mon Calamari,627,632
821,Jedi_821,Human,241,336
822,Jedi_822,Ewok,899,854
823,Jedi_823,Sullustan,277,783
824,Jedi_824,Rodian,117,946
825,Jedi_825,Trandoshan,703,120
826,Jedi_826,Bothan,812,342
827,Jedi_827,Sullustan,425,162
828,Jedi_828,Bothan,980,225
829,Jedi_829,Ewok,466,397
830,Jedi_830,Mon Calamari,907,889
831,Jedi_831,Human,633,306
832,Jedi_832,Trandoshan,280,959
833,Jedi_833,Ewok,646,740
834,Jedi_834,Sullustan,915,266
835,Jedi_835,Bothan,651,319
836,Jedi_836,Human,662,504
837,Jedi_837,Rodian,332,855
838,Jedi_838,Human,400,872
839,Jedi_839,Trandoshan,942,130
840,Jedi_840,Ewok,695,229
841,Jedi_841,Sullustan,358,106
842,Jedi_842,Ewok,157,435
843,Jedi_843,Ewok,782,867
844,Jedi_844,Trandoshan,266,275
845,Jedi_845,Ewok,486,359
846,Jedi_846,Human,835,19
847,Jedi_847,Wookiee,417,684
848,Jedi_848,Sullustan,230,197
849,Jedi_849,Sullustan,491,871
850,Jedi_850,Bothan,413,984
851,Jedi_851,Rodian,21,291
852,Jedi_852,Wookiee,678,762
853,Jedi_853,Rodian,294,214
854,Jedi_854,Ewok,452,777
855,Jedi_855,Bothan,532,248
856,Jedi_856,Mon Calamari,522,849
857,Jedi_857,Droid,514,385
858,Jedi_858,Rodian,845,183
859,Jedi_859,Wookiee,536,136
860,Jedi_860,Ewok,299,760
861,Jedi_861,Twi'lek,560,973
862,Jedi_862,Sullustan,356,920
863,Jedi_863,Trandoshan,932,840
864,Jedi_864,Droid,851,89
865,Jedi_865,Droid,350,234
866,Jedi_866,Mon Calamari,315,323
867,Jedi_867,Human,385,268
868,Jedi_868,Rodian,796,614
869,Jedi_869,Droid,909,177
870,Jedi_870,Ewok,510,76
871,Jedi_871,Twi'lek,444,54
872,Jedi_872,Wookiee,981,2
873,Jedi_873,Rodian,364,458
874,Jedi_874,Human,561,389
875,Jedi_875,Sullustan,561,493
876,Jedi_876,Human,584,388
877,Jedi_877,Sullustan,889,706
878,Jedi_878,Bothan,745,355
879,Jedi_879,Mon Calamari,460,357
880,Jedi_880,Ewok,218,640
881,Jedi_881,Trandoshan,403,113
882,Jedi_882,Human,597,520
883,Jedi_883,Mon Calamari,160,178
884,Jedi_884,Sullustan,733,921
885,Jedi_885,Twi'lek,509,529
886,Jedi_886,Droid,580,519
887,Jedi_887,Droid,275,6
888,Jedi_888,Sullustan,888,589
889,Jedi_889,Ewok,985,239
890,Jedi_890,Ewok,351,509
891,Jedi_891,Mon Calamari,572,420
892,Jedi_892,Sullustan,85,768
893,Jedi_893,Bothan,48,514
894,Jedi_894,Human,606,817
895,Jedi_895,Mon Calamari,863,523
896,Jedi_896,Sullustan,154,989
897,Jedi_897,Bothan,108,802
898,Jedi_898,Mon Calamari,473,709
899,Jedi_899,Sullustan,231,614
900,Jedi_900,Ewok,825,412
901,Jedi_901,Bothan,467,475
902,Jedi_902,Bothan,26,23
903,Jedi_903,Bothan,324,178
904,Jedi_904,Human,740,418
905,Jedi_905,Bothan,873,308
906,Jedi_906,Twi'lek,25,137
907,Jedi_907,Human,655,570
908,Jedi_908,Rodian,924,932
909,Jedi_909,Human,637,474
910,Jedi_910,Sullustan,913,99
911,Jedi_911,Mon Calamari,755,17
912,Jedi_912,Sullustan,905,887
913,Jedi_913,Twi'lek,458,815
914,Jedi_914,Wookiee,517,551
915,Jedi_915,Trandoshan,105,458
916,Jedi_916,Rodian,331,434
917,Jedi_917,Droid,443,62
918,Jedi_918,Wookiee,950,850
919,Jedi_919,Trandoshan,755,956
920,Jedi_920,Twi'lek,371,679
921,Jedi_921,Trandoshan,377,822
922,Jedi_922,Bothan,363,314
923,Jedi_923,Bothan,684,925
924,Jedi_924,Twi'lek,85,138
925,Jedi_925,Human,319,889
926,Jedi_926,Wookiee,772,510
927,Jedi_927,Bothan,877,339
928,Jedi_928,Human,870,591
929,Jedi_929,Trandoshan,559,736
930,Jedi_930,Droid,579,984
931,Jedi_931,Droid,784,567
932,Jedi_932,Mon Calamari,922,32
933,Jedi_933,Mon Calamari,303,845
934,Jedi_934,Ewok,794,865
935,Jedi_935,Trandoshan,289,73
936,Jedi_936,Bothan,663,907
937,Jedi_937,Droid,124,970
938,Jedi_938,Bothan,333,784
939,Jedi_939,Wookiee,918,787
940,Jedi_940,Ewok,216,607
941,Jedi_941,Twi'lek,773,613
942,Jedi_942,Droid,107,764
943,Jedi_943,Rodian,828,652
944,Jedi_944,Human,384,98
945,Jedi_945,Bothan,787,174
946,Jedi_946,Twi'lek,644,70
947,Jedi_947,Ewok,293,885
948,Jedi_948,Twi'lek,796,74
949,Jedi_949,Rodian,411,491
950,Jedi_950,Bothan,745,888
951,Jedi_951,Twi'lek,964,410
952,Jedi_952,Sullustan,216,527
953,Jedi_953,Sullustan,298,428
954,Jedi_954,Wookiee,401,100
955,Jedi_955,Droid,11,265
956,Jedi_956,Bothan,764,846
957,Jedi_957,Droid,667,156
958,Jedi_958,Rodian,438,32
959,Jedi_959,Bothan,614,236
960,Jedi_960,Trandoshan,504,72
961,Jedi_961,Droid,295,445
962,Jedi_962,Mon Calamari,222,682
963,Jedi_963,Twi'lek,206,971
964,Jedi_964,Mon Calamari,852,419
965,Jedi_965,Droid,496,48
966,Jedi_966,Wookiee,806,987
967,Jedi_967,Trandoshan,609,435
968,Jedi_968,Sullustan,593,361
969,Jedi_969,Bothan,898,208
970,Jedi_970,Trandoshan,130,26
971,Jedi_971,Trandoshan,941,197
972,Jedi_972,Bothan,666,111
973,Jedi_973,Human,759,715
974,Jedi_974,Droid,881,442
975,Jedi_975,Trandoshan,63,595
976,Jedi_976,Twi'lek,591,701
977,Jedi_977,Human,180,772
978,Jedi_978,Mon Calamari,474,621
979,Jedi_979,Ewok,613,485
980,Jedi_980,Human,627,349
981,Jedi_981,Twi'lek,196,565
982,Jedi_982,Twi'lek,757,154
983,Jedi_983,Sullustan,66,707
984,Jedi_984,Bothan,955,299
985,Jedi_985,Human,320,630
986,Jedi_986,Rodian,130,730
987,Jedi_987,Bothan,323,251
988,Jedi_988,Trandoshan,67,573
989,Jedi_989,Droid,334,330
990,Jedi_990,Rodian,304,184
991,Jedi_991,Twi'lek,754,949
992,Jedi_992,Ewok,69,201
993,Jedi_993,Rodian,563,731
994,Jedi_994,Trandoshan,485,768
995,Jedi_995,Bothan,244,108
996,Jedi_996,Ewok,595,402
997,Jedi_997,Bothan,892,183
998,Jedi_998,Ewok,256,793
999,Jedi_999,Trandoshan,759,955
1000,Jedi_1000,Mon Calamari,565,540
